Filename,V,E,Average_Time_ms
graph_V1000_E2000.txt,1000,2000,2.942375
graph_V1000_E10000.txt,1000,10000,2.384950
graph_V1000_E50000.txt,1000,50000,2.288742
graph_V1000_E200000.txt,1000,200000,2.406142
graph_V1000_E500000.txt,1000,500000,3.436367
graph_dense_V200.txt,200,19900,0.088842
graph_dense_V400.txt,400,79800,0.517417
graph_dense_V600.txt,600,179700,1.285650
graph_dense_V800.txt,800,319600,2.247484
graph_dense_V1000.txt,1000,499500,3.257592
graph_sparse_V500.txt,500,2500,0.246092
graph_sparse_V1000.txt,1000,5000,1.082800
graph_sparse_V2000.txt,2000,10000,4.343050
graph_sparse_V4000.txt,4000,20000,16.821333
graph_sparse_V8000.txt,8000,40000,68.439792
